Name,Course,Year
Derlem Maxime,Algorithmic & Logical Thinking,2026
Aicha Samiri,Algorithmic & Logical Thinking,2026
Khadija El Azzaouy,Algorithmic & Logical Thinking,2026
Rahanimanana Julia,Algorithmic & Logical Thinking,2026
Doha Boudali,Algorithmic & Logical Thinking,2026
Elhousse Fatimazahra,Algorithmic & Logical Thinking,2026
Imane Yajjino,Algorithmic & Logical Thinking,2026
Firdaws Hanine,Algorithmic & Logical Thinking,2026
Yaya Guimballa Bayayoko,Algorithmic & Logical Thinking,2026
Ousmane K.Thiero,Algorithmic & Logical Thinking,2026
Yalle Benjamin,Algorithmic & Logical Thinking,2026
Elaissaoui Younes,Algorithmic & Logical Thinking,2026
Reda Boulghazi,Algorithmic & Logical Thinking,2026
Aboudrar Anas,Algorithmic & Logical Thinking,2026
Slati Mahmoud,Algorithmic & Logical Thinking,2026
Salah-eddine Akhouad,Algorithmic & Logical Thinking,2026
Sara Taoufyq,Algorithmic & Logical Thinking,2026
Houmou Salma,Algorithmic & Logical Thinking,2026
Zeghloul Fatima-ezzahrae,Algorithmic & Logical Thinking,2026
Boutjanouite Marwa,Algorithmic & Logical Thinking,2026
Zaide Aya,Python 101: Introduction to Programming,2026
Ichou Siham,Python 101: Introduction to Programming,2026
El Azzaouy Khadija,Python 101: Introduction to Programming,2026
Akessab Yassir,Python 101: Introduction to Programming,2026
Elaissaoui Younes,Python 101: Introduction to Programming,2026
Rahanimanana Julia,Python 101: Introduction to Programming,2026
Kahbs Hiba,Python 101: Introduction to Programming,2026
Mouatad Hadil,Python 101: Introduction to Programming,2026
Timerdal Oumaima,Python 101: Introduction to Programming,2026
Slati Mahmoud,Python 101: Introduction to Programming,2026
Haqqui Tachfine,Python 101: Introduction to Programming,2026
Zaide Aya,Don't Repeat Yourself: Reuse Over Repetition,2026
Doha Boudali,Career starter 1: From CV to Acceptance,2026
Marwa Boutjanouite,Career starter 1: From CV to Acceptance,2026
Aya Zaide,Career starter 1: From CV to Acceptance,2026
Zaim abderrahman,Career starter 1: From CV to Acceptance,2026
Slati Mahmoud,Career starter 1: From CV to Acceptance,2026
Younes Elaissaoui,Career starter 1: From CV to Acceptance,2026
Yassir Akessab,Career starter 1: From CV to Acceptance,2026
Hasna Rafyq,Career starter 1: From CV to Acceptance,2026
Marwa Yousfi,Career starter 1: From CV to Acceptance,2026
Hiba Kahbs,Career starter 1: From CV to Acceptance,2026
Oumaima Timerdal,Career starter 1: From CV to Acceptance,2026
Hadil Mouatad,Career starter 1: From CV to Acceptance,2026
Imane Khadri,Career starter 1: From CV to Acceptance,2026
Rahanimanana Julia,Career starter 1: From CV to Acceptance,2026
Aya Hadraoui,Career starter 1: From CV to Acceptance,2026
Chaimae Haidar,Career starter 1: From CV to Acceptance,2026
Bouri Jihane,Career Starter 2: Build Your Online Tech Presence,2026
El Ghailani Saad,Career Starter 2: Build Your Online Tech Presence,2026
Timerdal Oumaima,Career Starter 2: Build Your Online Tech Presence,2026
Mouatad Hadil,Career Starter 2: Build Your Online Tech Presence,2026
Khadri Imane,Career Starter 2: Build Your Online Tech Presence,2026
Rahanimanana Julia,Career Starter 2: Build Your Online Tech Presence,2026
Rafyq Hasna,Career Starter 2: Build Your Online Tech Presence,2026
Elaissaoui Younes,Career Starter 2: Build Your Online Tech Presence,2026
Jdid Abdennour,Career Starter 2: Build Your Online Tech Presence,2026
Haqqui Tachfine,Career Starter 2: Build Your Online Tech Presence,2026
Slati Mahmoud,Career Starter 2: Build Your Online Tech Presence,2026
Boutjanouite Marwa,Career Starter 2: Build Your Online Tech Presence,2026
Yaya Guimballa Bayayoko,Career Starter 2: Build Your Online Tech Presence,2026